time, filtered_emg
1,194.0
2,194.0
4,195.0
5,196.0
6,195.0
7,195.0
9,195.0
10,196.0
11,200.0
13,203.0
16,206.0
24,216.0
32,212.0
40,217.0
49,219.0
58,224.0
66,217.0
74,212.0
82,205.0
91,205.0
99,202.0
107,204.0
117,205.0
126,206.0
136,215.0
145,211.0
154,208.0
163,208.0
173,204.0
182,204.0
192,198.0
201,195.0
210,192.0
220,194.0
229,196.0
238,197.0
247,196.0
258,202.0
267,200.0
276,203.0
285,207.0
294,209.0
304,203.0
313,205.0
323,206.0
332,206.0
342,210.0
351,206.0
360,209.0
369,217.0
378,214.0
389,214.0
398,212.0
407,213.0
416,212.0
425,210.0
435,221.0
444,223.0
454,229.0
463,240.0
473,232.0
482,228.0
491,219.0
500,214.0
509,212.0
520,208.0
529,212.0
538,215.0
547,215.0
557,216.0
566,212.0
575,214.0
585,209.0
594,216.0
604,217.0
613,224.0
622,222.0
631,224.0
641,219.0
651,210.0
660,207.0
669,200.0
678,198.0
688,197.0
697,199.0
706,206.0
716,214.0
726,219.0
735,226.0
744,220.0
753,219.0
762,214.0
772,213.0
781,213.0
791,212.0
800,215.0
809,217.0
819,218.0
828,218.0
837,213.0
846,215.0
857,213.0
866,214.0
875,214.0
884,211.0
893,209.0
903,208.0
912,211.0
922,208.0
931,211.0
941,204.0
950,203.0
959,205.0
968,211.0
977,212.0
988,206.0
997,207.0
1006,211.0
1016,220.0
1027,228.0
1037,234.0
1047,238.0
1058,242.0
1069,238.0
1079,241.0
1089,236.0
1099,229.0
1110,225.0
1121,225.0
1131,226.0
1141,226.0
1152,224.0
1162,223.0
1172,222.0
1183,221.0
1193,221.0
1204,220.0
1214,218.0
1224,211.0
1234,214.0
1245,212.0
1256,209.0
1266,207.0
1276,206.0
1287,208.0
1297,207.0
1307,210.0
1318,214.0
1329,214.0
1339,211.0
1349,208.0
1359,206.0
1370,204.0
1380,206.0
1391,216.0
1401,225.0
1412,232.0
1422,239.0
1432,236.0
1442,231.0
1454,227.0
1464,229.0
1474,228.0
1484,230.0
1495,232.0
1505,229.0
1516,230.0
1526,232.0
1537,229.0
1547,227.0
1557,222.0
1567,218.0
1577,214.0
1589,208.0
1599,207.0
1609,208.0
1619,217.0
1630,227.0
1640,227.0
1651,225.0
1661,218.0
1672,211.0
1682,208.0
1692,211.0
1702,213.0
1713,212.0
1724,212.0
1734,213.0
1744,206.0
1755,207.0
1765,214.0
1775,216.0
1786,214.0
1797,217.0
1807,219.0
1817,221.0
1827,219.0
1838,223.0
1849,226.0
1859,219.0
1869,210.0
1880,212.0
1890,217.0
1900,228.0
1910,230.0
1922,236.0
1932,244.0
1942,259.0
1952,255.0
1963,256.0
1973,253.0
1984,263.0
1994,257.0
2004,257.0
2015,258.0
2025,280.0
2035,281.0
2045,269.0
2057,267.0
2067,273.0
2077,284.0
2087,277.0
2098,286.0
2108,284.0
2119,289.0
2129,280.0
2140,287.0
2150,284.0
2160,280.0
2170,270.0
2182,266.0
2192,264.0
2202,258.0
2212,257.0
2223,267.0
2233,270.0
2243,269.0
2254,262.0
2265,261.0
2275,258.0
2285,258.0
2295,252.0
2306,248.0
2317,242.0
2327,247.0
2337,247.0
2348,244.0
2358,242.0
2368,234.0
2378,235.0
2390,240.0
2400,239.0
2410,245.0
2420,246.0
2430,252.0
2441,245.0
2452,246.0
2462,248.0
2472,238.0
2483,243.0
2493,246.0
2503,247.0
2514,249.0
2525,271.0
2535,289.0
2545,296.0
2555,351.0
2566,339.0
2576,346.0
2587,347.0
2597,333.0
2608,309.0
2618,305.0
2628,305.0
2638,308.0
2650,295.0
2660,284.0
2670,287.0
2680,287.0
2691,301.0
2701,290.0
2711,275.0
2722,268.0
2733,255.0
2743,267.0
2753,268.0
2763,262.0
2774,257.0
2785,250.0
2795,256.0
2805,244.0
2816,250.0
2826,250.0
2836,252.0
2847,250.0
2857,253.0
2868,248.0
2878,246.0
2888,242.0
2898,239.0
2909,238.0
2920,245.0
2930,236.0
2940,240.0
2951,237.0
2961,229.0
2971,220.0
2982,235.0
2993,236.0
3003,238.0
3013,244.0
3023,240.0
3034,239.0
3044,228.0
3055,225.0
3065,218.0
3076,221.0
3086,220.0
3096,227.0
3106,233.0
3118,240.0
3128,239.0
3138,238.0
3148,229.0
3159,234.0
3169,230.0
3180,237.0
3190,230.0
3201,235.0
3211,232.0
3221,238.0
3231,235.0
3241,232.0
3253,229.0
3263,234.0
3273,238.0
3283,238.0
3294,237.0
3304,230.0
3315,234.0
3325,231.0
3336,233.0
3346,234.0
3356,240.0
3366,242.0
3377,239.0
3388,241.0
3398,242.0
3408,241.0
3419,240.0
3429,240.0
3439,241.0
3450,246.0
3461,249.0
3471,242.0
3481,234.0
3491,240.0
3502,242.0
3513,242.0
3523,240.0
3533,241.0
3544,240.0
3554,239.0
3564,237.0
3574,235.0
3586,233.0
3596,234.0
3606,235.0
3616,239.0
3627,236.0
3637,240.0
3648,237.0
3658,236.0
3668,230.0
3679,233.0
3689,233.0
3699,239.0
3709,240.0
3721,241.0
3731,239.0
3741,240.0
3751,234.0
3762,229.0
3772,231.0
3783,231.0
3793,240.0
3804,240.0
3814,237.0
3824,235.0
3834,233.0
3846,233.0
3856,231.0
3866,232.0
3876,242.0
3887,259.0
3897,268.0
3907,271.0
3918,289.0
3929,286.0
3939,291.0
3949,281.0
3959,265.0
3970,262.0
3981,261.0
3991,260.0
4001,252.0
4012,263.0
4022,263.0
4032,268.0
4042,274.0
4054,273.0
4064,269.0
4074,268.0
4084,267.0
4094,273.0
4105,274.0
4116,279.0
4126,274.0
4136,278.0
4147,275.0
4157,283.0
4167,282.0
4178,278.0
4189,275.0
4199,265.0
4209,258.0
4219,274.0
4230,276.0
4240,276.0
4251,273.0
4261,269.0
4272,265.0
4282,262.0
4292,258.0
4302,257.0
4314,261.0
4324,262.0
4334,260.0
4344,261.0
4355,260.0
4365,253.0
4375,258.0
4386,258.0
4397,260.0
4407,273.0
4417,291.0
4427,287.0
4438,296.0
4449,342.0
4459,335.0
4469,325.0
4480,309.0
4490,298.0
4500,299.0
4511,292.0
4521,289.0
4532,279.0
4542,268.0
4552,259.0
4562,254.0
4573,252.0
4584,254.0
4594,276.0
4604,264.0
4615,256.0
4625,247.0
4635,242.0
4646,236.0
4657,231.0
4667,226.0
4677,220.0
4687,215.0
4698,213.0
4708,221.0
4719,224.0
4729,228.0
4740,228.0
4750,228.0
4760,226.0
4770,225.0
4782,218.0
4792,219.0
4802,220.0
4812,218.0
4823,213.0
4833,210.0
4844,207.0
4854,206.0
4865,200.0
4875,205.0
4885,211.0
4895,218.0
4905,219.0
4917,215.0
4927,209.0
4937,215.0
4947,216.0
4958,216.0
4968,218.0
4979,220.0
4989,226.0
5000,223.0
5010,225.0
5020,224.0
5030,227.0
5041,228.0
5052,231.0
5062,224.0
5072,219.0
5083,219.0
5093,215.0
5103,212.0
5114,215.0
5125,221.0
5135,227.0
5145,222.0
5155,213.0
5166,213.0
5177,211.0
5187,211.0
5197,211.0
5208,221.0
5218,225.0
5228,236.0
5238,237.0
5250,231.0
5260,227.0
5270,227.0
5280,222.0
5291,228.0
5301,229.0
5312,234.0
5322,230.0
5332,224.0
5343,226.0
5353,222.0
5363,218.0
5373,216.0
5385,219.0
5395,225.0
5405,228.0
5415,223.0
5426,216.0
5436,212.0
5447,210.0
5457,206.0
5468,206.0
5478,208.0
5488,210.0
5498,218.0
5510,223.0
5520,221.0
5530,218.0
5540,214.0
5551,212.0
5561,212.0
5571,219.0
5582,228.0
5593,237.0
5603,233.0
5613,231.0
5623,235.0
5634,233.0
5645,225.0
5655,219.0
5665,224.0
5676,226.0
5686,236.0
5696,240.0
5706,235.0
5718,230.0
5728,227.0
5738,224.0
5748,233.0
5758,237.0
5769,242.0
5780,238.0
5790,234.0
5800,227.0
5811,223.0
5821,225.0
5831,235.0
5842,243.0
5853,240.0
5863,232.0
5873,231.0
5883,231.0
5894,227.0
5904,229.0
5915,231.0
5925,231.0
5936,232.0
5946,226.0
5956,224.0
5966,223.0
5978,223.0
5988,226.0
5998,225.0
6008,222.0
6019,222.0
6029,219.0
6039,213.0
6050,214.0
6061,216.0
6071,220.0
6081,220.0
6091,216.0
6102,214.0
6113,216.0
6123,213.0
6133,213.0
6144,217.0
6154,219.0
6164,224.0
6175,220.0
6185,217.0
6196,220.0
6206,223.0
6216,223.0
6226,223.0
6237,219.0
6248,224.0
6258,223.0
6268,219.0
6279,214.0
6289,219.0
6299,223.0
6310,227.0
6321,225.0
6331,223.0
6341,227.0
6351,227.0
6362,220.0
6372,220.0
6383,224.0
6393,226.0
6404,228.0
6414,225.0
6424,225.0
6434,220.0
6446,220.0
6456,219.0
6466,221.0
6476,221.0
6487,227.0
6497,228.0
6508,225.0
6518,219.0
6529,229.0
6539,233.0
6549,244.0
6559,245.0
6569,274.0
6581,278.0
6591,266.0
6601,266.0
6611,255.0
6622,251.0
6632,267.0
6643,270.0
6653,268.0
6664,280.0
6674,286.0
6684,276.0
6694,262.0
6705,254.0
6716,249.0
6726,249.0
6736,245.0
6747,255.0
6757,258.0
6767,264.0
6778,258.0
6789,255.0
6799,255.0
6809,254.0
6819,247.0
6830,236.0
6841,229.0
6851,226.0
6861,226.0
6872,225.0
6882,232.0
6892,236.0
6902,240.0
6914,248.0
6924,246.0
6934,234.0
6944,232.0
6955,229.0
6965,229.0
6976,225.0
6986,230.0
6996,223.0
7007,224.0
7017,224.0
7027,230.0
7037,232.0
7049,243.0
7059,249.0
7069,245.0
7079,245.0
7090,240.0
7100,231.0
7111,225.0
7121,227.0
7132,225.0
7142,226.0
7152,223.0
7162,228.0
7174,228.0
7184,229.0
7194,223.0
7204,222.0
7215,224.0
7225,227.0
7235,222.0
7246,225.0
7257,224.0
7267,225.0
7277,223.0
7287,223.0
7298,230.0
7309,235.0
7319,236.0
7329,236.0
7340,234.0
7350,227.0
7360,224.0
7370,227.0
7382,230.0
7392,231.0
7402,232.0
7412,238.0
7422,233.0
7433,228.0
7444,224.0
7454,221.0
7464,223.0
7475,223.0
7485,225.0
7495,230.0
7506,238.0
7517,236.0
7527,234.0
7537,232.0
7547,233.0
7558,231.0
7568,234.0
7579,236.0
7589,233.0
7600,236.0
7610,232.0
7620,232.0
7630,231.0
7642,231.0
7652,232.0
7662,232.0
7672,228.0
7683,231.0
7693,227.0
7703,226.0
7714,224.0
7725,225.0
7735,228.0
7745,237.0
7755,241.0
7766,240.0
7777,238.0
7787,236.0
7797,230.0
7808,226.0
7818,230.0
7828,228.0
7839,239.0
7849,234.0
7860,241.0
7870,234.0
7880,231.0
7890,226.0
7901,225.0
7912,222.0
7922,221.0
7932,224.0
7943,228.0
7953,221.0
7963,216.0
7974,216.0
7985,227.0
7995,229.0
8005,234.0
8015,234.0
8026,234.0
8036,229.0
8047,226.0
8057,227.0
8068,229.0
8078,237.0
8088,238.0
8098,235.0
8110,241.0
8120,249.0
8130,248.0
8140,240.0
8151,232.0
8161,223.0
8172,216.0
8182,210.0
8193,207.0
8203,201.0
8213,194.0
8223,188.0
8233,183.0
8245,179.0
8255,179.0
8265,172.0
8275,174.0
8286,174.0
8296,172.0
8307,167.0
8317,172.0
8328,171.0
8338,174.0
8348,180.0
8358,182.0
8369,177.0
8380,177.0
8390,173.0
8400,177.0
8411,182.0
8421,193.0
8431,201.0
8442,209.0
8453,220.0
8463,231.0
8473,237.0
8483,240.0
8494,237.0
8505,236.0
8515,231.0
8525,236.0
8536,251.0
8546,251.0
8556,249.0
8566,238.0
8578,244.0
8588,239.0
8598,231.0
8608,220.0
8619,236.0
8629,250.0
8640,243.0
8650,252.0
8660,271.0
8671,261.0
8681,257.0
8691,258.0
8701,260.0
8713,251.0
8723,250.0
8733,249.0
8743,250.0
8754,239.0
8764,235.0
8775,238.0
8785,231.0
8796,234.0
8806,231.0
8816,237.0
8826,238.0
8838,234.0
8848,228.0
8858,233.0
8868,235.0
8879,236.0
8889,233.0
8899,237.0
8910,230.0
8921,233.0
8931,224.0
8941,222.0
8951,231.0
8962,238.0
8973,236.0
8983,234.0
8993,223.0
9004,219.0
9014,220.0
9024,218.0
9034,218.0
9046,215.0
9056,220.0
9066,220.0
9076,215.0
9086,211.0
9097,213.0
9108,210.0
9118,212.0
9128,209.0
9139,213.0
9149,210.0
9159,221.0
9170,222.0
9181,222.0
9191,217.0
9201,223.0
9211,222.0
9222,222.0
9232,226.0
9243,221.0
9253,229.0
9264,233.0
9274,231.0
9284,229.0
9294,225.0
9306,229.0
9316,233.0
9326,233.0
9336,236.0
9347,234.0
9357,233.0
9367,225.0
9378,223.0
9389,223.0
9399,228.0
9409,230.0
9419,232.0
9430,233.0
9441,235.0
9451,237.0
9461,235.0
9472,225.0
9482,217.0
9492,224.0
9503,222.0
9513,230.0
9524,226.0
9534,226.0
9544,228.0
9554,230.0
9565,225.0
9576,226.0
9586,229.0
9596,234.0
9607,231.0
9617,232.0
9627,229.0
9638,227.0
9649,228.0
9659,226.0
9669,223.0
9679,226.0
9690,225.0
9700,223.0
9711,219.0
9721,217.0
9732,219.0
9742,224.0
9752,231.0
9762,227.0
9774,232.0
9784,240.0
9794,243.0
9804,238.0
9815,243.0
9825,236.0
9836,234.0
9846,229.0
9857,227.0
9867,223.0
9877,219.0
9887,225.0
9897,229.0
9909,227.0
9919,227.0
9929,227.0
9939,228.0
9950,233.0
9960,237.0
9971,240.0
9981,237.0
9992,240.0
10002,232.0
10013,232.0
10024,225.0
10037,225.0
10048,235.0
10059,231.0
10071,238.0
10082,240.0
10093,238.0
10105,243.0
10117,248.0
10128,252.0
10139,248.0
10150,253.0
10162,249.0
10174,246.0
10185,244.0
10196,247.0
10208,254.0
10219,248.0
10230,250.0
10243,252.0
10254,251.0
10265,252.0
10276,253.0
10288,253.0
10299,250.0
10311,250.0
10322,251.0
10334,243.0
10345,248.0
10356,256.0
10369,255.0
10380,249.0
10391,247.0
10402,254.0
10414,258.0
10425,265.0
10437,286.0
10448,276.0
10460,288.0
10471,279.0
10482,283.0
10493,298.0
10506,301.0
10517,294.0
10528,315.0
10540,304.0
10551,314.0
10562,295.0
10574,289.0
10586,276.0
10597,258.0
10608,275.0
10619,292.0
10631,295.0
10643,287.0
10654,275.0
10665,267.0
10677,270.0
10688,262.0
10700,252.0
10712,245.0
10723,242.0
10734,242.0
10745,239.0
10757,244.0
10769,238.0
10780,237.0
10791,242.0
10803,234.0
10814,238.0
10825,250.0
10838,247.0
10849,243.0
10860,228.0
10871,231.0
10883,229.0
10894,230.0
10906,228.0
10917,219.0
10929,226.0
10940,229.0
10951,228.0
10962,231.0
10975,237.0
10986,232.0
10997,230.0
11009,224.0
11020,213.0
11031,206.0
11043,209.0
11055,217.0
11066,218.0
11077,221.0
11088,221.0
11101,211.0
11112,215.0
11123,220.0
11134,223.0
11146,224.0
11157,222.0
11169,220.0
11181,220.0
11192,223.0
11203,225.0
11214,230.0
11226,231.0
11238,226.0
11249,227.0
11260,224.0
11272,229.0
11283,234.0
11294,236.0
11307,236.0
11318,235.0
11329,229.0
11340,223.0
11352,230.0
11363,233.0
11375,237.0
11386,239.0
11398,239.0
11409,237.0
11420,227.0
11431,236.0
11444,243.0
11455,241.0
11466,251.0
11478,243.0
11489,237.0
11501,228.0
11512,228.0
11524,226.0
11535,223.0
11546,221.0
11557,218.0
11570,217.0
11581,211.0
11592,218.0
11603,213.0
11615,209.0
11626,221.0
11638,226.0
11650,227.0
11661,227.0
11672,220.0
11683,223.0
11695,220.0
11707,217.0
11718,216.0
11729,212.0
11741,212.0
11752,219.0
11763,222.0
11776,221.0
11787,222.0
11798,222.0
11809,218.0
11821,218.0
11833,221.0
11844,224.0
11855,223.0
11867,225.0
11878,218.0
11889,219.0
11901,229.0
11913,234.0
11924,235.0
11935,241.0
11947,243.0
11958,232.0
11970,239.0
11981,249.0
11993,255.0
12004,238.0
12015,258.0
12026,250.0
12039,253.0
12050,239.0
12061,238.0
12072,238.0
12084,235.0
12095,242.0
12107,244.0
12119,240.0
12130,242.0
12141,237.0
12152,230.0
12165,241.0
12176,243.0
12187,248.0
12198,248.0
12210,256.0
12221,256.0
12233,254.0
12244,263.0
12256,266.0
12267,268.0
12278,276.0
12290,295.0
12302,294.0
12313,286.0
12324,270.0
12336,262.0
12347,263.0
12358,276.0
12370,276.0
12382,271.0
12393,270.0
12404,290.0
12416,363.0
12427,383.0
12439,383.0
12450,396.0
12462,406.0
12473,395.0
12484,423.0
12495,396.0
12508,378.0
12519,396.0
12530,365.0
12541,400.0
12553,383.0
12565,376.0
12576,378.0
12588,366.0
12599,396.0
12610,390.0
12621,368.0
12634,339.0
12645,322.0
12656,294.0
12667,283.0
12679,282.0
12690,277.0
12702,269.0
12713,260.0
12725,255.0
12736,246.0
12747,249.0
12759,244.0
12771,245.0
12782,250.0
12793,240.0
12805,239.0
12816,235.0
12827,236.0
12839,229.0
12851,228.0
12862,234.0
12873,224.0
12884,224.0
12897,219.0
12908,221.0
12919,224.0
12931,216.0
12942,219.0
12953,221.0
12965,222.0
12977,218.0
12988,227.0
12999,225.0
13010,221.0
13022,222.0
13034,209.0
13045,214.0
13057,222.0
13068,219.0
13079,217.0
13090,212.0
13103,213.0
13114,208.0
13125,211.0
13136,215.0
13148,216.0
13159,217.0
13171,221.0
13182,230.0
13194,228.0
13205,227.0
13216,226.0
13228,225.0
13240,230.0
13251,227.0
13262,226.0
13274,220.0
13285,224.0
13297,228.0
13308,223.0
13320,227.0
13331,231.0
13342,230.0
13353,228.0
13366,223.0
13377,224.0
13388,228.0
13400,237.0
13411,236.0
13422,232.0
13434,227.0
13446,223.0
13457,224.0
13468,221.0
13479,228.0
13491,225.0
13503,231.0
13514,231.0
13526,228.0
13537,222.0
13548,219.0
13559,219.0
13572,219.0
13583,218.0
13594,226.0
13605,233.0
13617,236.0
13628,234.0
13640,231.0
13651,223.0
13663,220.0
13674,221.0
13685,223.0
13698,223.0
13709,220.0
13720,215.0
13731,212.0
13743,220.0
13754,223.0
13766,219.0
13777,221.0
13789,219.0
13800,220.0
13811,211.0
13822,221.0
13835,227.0
13846,232.0
13857,230.0
13869,228.0
13880,234.0
13891,221.0
13903,219.0
13915,222.0
13926,228.0
13937,234.0
13948,245.0
13960,253.0
13972,255.0
13983,250.0
13995,242.0
14006,251.0
14017,255.0
14029,247.0
14041,239.0
14052,242.0
14063,243.0
14074,247.0
14086,245.0
14098,241.0
14109,240.0
14120,237.0
14132,233.0
14143,228.0
14154,230.0
14167,235.0
14178,242.0
14189,235.0
14200,236.0
14212,238.0
14223,235.0
14235,236.0
14246,229.0
14258,224.0
14269,224.0
14280,225.0
14291,220.0
14304,208.0
14315,208.0
14326,209.0
14338,210.0
14349,211.0
14360,212.0
14372,208.0
14384,221.0
14395,230.0
14406,254.0
14417,258.0
14430,270.0
14441,290.0
14452,296.0
14464,291.0
14475,312.0
14486,328.0
14498,322.0
14510,329.0
14521,319.0
14532,322.0
14543,322.0
14555,312.0
14567,289.0
14578,279.0
14589,319.0
14601,331.0
14612,327.0
14623,305.0
14636,302.0
14647,290.0
14658,282.0
14669,292.0
14681,293.0
14692,285.0
14704,283.0
14715,270.0
14727,257.0
14738,251.0
14749,250.0
14761,252.0
14773,249.0
14784,246.0
14795,235.0
14807,222.0
14818,217.0
14830,220.0
14841,226.0
14853,227.0
14864,226.0
14875,222.0
14886,212.0
14899,208.0
14910,204.0
14921,209.0
14932,211.0
14944,215.0
14955,218.0
14967,212.0
14979,207.0
14990,206.0
15001,201.0
15012,202.0
15024,206.0
15036,209.0
15047,204.0
15058,208.0
15070,211.0
15081,210.0
15093,214.0
15105,210.0
15116,212.0
15127,210.0
15138,218.0
15150,217.0
15162,209.0
15173,215.0
15184,214.0
15196,209.0
15207,204.0
15218,213.0
15230,212.0
15242,209.0
15253,217.0
15264,217.0
15276,215.0
15287,211.0
15299,216.0
15310,220.0
15322,214.0
15333,214.0
15344,214.0
15355,205.0
15368,207.0
15379,218.0
15390,222.0
15401,221.0
15413,224.0
15424,215.0
15436,207.0
15448,211.0
15459,220.0
15470,226.0
15481,228.0
15494,229.0
15505,220.0
15516,218.0
15527,218.0
15539,216.0
15550,220.0
15562,223.0
15574,225.0
15585,220.0
15596,211.0
15607,206.0
15619,207.0
15631,210.0
15642,212.0
15653,217.0
15665,223.0
15676,226.0
15687,224.0
15699,217.0
15711,217.0
15722,217.0
15733,218.0
15745,212.0
15756,216.0
15768,213.0
15779,205.0
15791,206.0
15802,207.0
15813,209.0
15824,203.0
15837,209.0
15848,214.0
15859,206.0
15870,206.0
15882,202.0
15894,205.0
15905,212.0
15917,216.0
15928,219.0
15939,220.0
15950,214.0
15963,207.0
15974,208.0
15985,203.0
15996,202.0
16008,200.0
16019,198.0
16031,206.0
16043,203.0
16054,203.0
16065,208.0
16076,220.0
16088,228.0
16100,228.0
16111,232.0
16122,229.0
16134,229.0
16145,232.0
16156,236.0
16168,241.0
16180,248.0
16191,243.0
16202,236.0
16214,236.0
16226,237.0
16237,235.0
16248,236.0
16260,234.0
16271,229.0
16282,233.0
16294,227.0
16306,230.0
16317,232.0
16328,232.0
16339,232.0
16351,227.0
16363,221.0
16374,221.0
16386,225.0
16397,223.0
16408,231.0
16419,229.0
16432,224.0
16443,227.0
16454,234.0
16465,234.0
16477,229.0
16488,226.0
16500,230.0
16512,232.0
16523,232.0
16534,244.0
16545,238.0
16558,241.0
16569,254.0
16580,270.0
16591,278.0
16603,285.0
16614,293.0
16626,300.0
16637,307.0
16649,355.0
16660,346.0
16671,349.0
16683,356.0
16695,351.0
16706,350.0
16717,351.0
16729,353.0
16740,354.0
16751,333.0
16763,314.0
16775,301.0
16786,306.0
16797,298.0
16808,283.0
16820,273.0
16832,269.0
16843,263.0
16855,258.0
16866,256.0
16877,241.0
16888,247.0
16901,242.0
16912,253.0
16923,245.0
16934,237.0
16946,245.0
16958,238.0
16969,232.0
16980,230.0
16992,230.0
17003,228.0
17014,224.0
17027,230.0
17038,222.0
17049,224.0
17060,211.0
17072,223.0
17083,216.0
17095,208.0
17106,212.0
17118,203.0
17129,204.0
17140,199.0
17152,209.0
17164,216.0
17175,219.0
17186,220.0
17198,213.0
17209,211.0
17220,215.0
17232,220.0
17244,217.0
17255,220.0
17266,231.0
17277,218.0
17290,210.0
17301,217.0
17312,223.0
17324,229.0
17335,237.0
17346,235.0
17358,234.0
17370,233.0
17381,228.0
17392,226.0
17403,227.0
17415,231.0
17427,231.0
17438,231.0
17449,236.0
17461,237.0
17472,235.0
17483,239.0
17496,242.0
17507,243.0
17518,234.0
17529,237.0
17541,245.0
17552,242.0
17564,227.0
17575,224.0
17587,230.0
17598,227.0
17609,243.0
17620,238.0
17633,227.0
17644,224.0
17655,223.0
17667,219.0
17678,211.0
17690,220.0
17701,222.0
17713,214.0
17724,218.0
17735,219.0
17746,222.0
17759,222.0
17770,219.0
17781,219.0
17793,222.0
17804,231.0
17815,228.0
17827,229.0
17839,230.0
17850,241.0
17861,234.0
17872,229.0
17884,226.0
17896,217.0
17907,217.0
17918,228.0
17930,228.0
17941,222.0
17952,218.0
17965,220.0
17976,211.0
17987,222.0
17998,232.0
18010,236.0
18022,236.0
18033,235.0
18044,232.0
18056,229.0
18067,230.0
18078,239.0
18091,245.0
18102,243.0
18113,230.0
18124,232.0
18136,229.0
18147,237.0
18159,244.0
18170,245.0
18182,250.0
18193,246.0
18204,244.0
18215,236.0
18228,231.0
18239,229.0
18250,228.0
18262,236.0
18273,239.0
18284,231.0
18296,226.0
18308,233.0
18319,228.0
18330,225.0
18341,232.0
18353,230.0
18365,233.0
18376,224.0
18387,226.0
18399,233.0
18410,242.0
18422,246.0
18434,238.0
18445,234.0
18456,231.0
18467,240.0
18479,264.0
18491,289.0
18502,278.0
18513,281.0
18525,279.0
18536,271.0
18547,259.0
18560,250.0
18571,273.0
18582,260.0
18593,259.0
18605,265.0
18616,254.0
18628,260.0
18639,264.0
18651,273.0
18662,271.0
18673,274.0
18684,279.0
18697,277.0
18708,279.0
18719,284.0
18731,291.0
18742,291.0
18753,266.0
18765,270.0
18777,275.0
18788,271.0
18799,265.0
18810,261.0
18823,263.0
18834,249.0
18845,256.0
18856,262.0
18868,254.0
18879,256.0
18891,244.0
18903,246.0
18914,239.0
18925,246.0
18936,239.0
18948,224.0
18960,229.0
18971,232.0
18982,232.0
18994,235.0
19005,240.0
19016,235.0
19028,235.0
19040,237.0
19051,232.0
19062,230.0
19074,231.0
19085,234.0
19097,230.0
19108,222.0
19120,222.0
19131,219.0
19142,222.0
19154,233.0
19166,239.0
19177,244.0
19188,247.0
19200,241.0
19211,236.0
19223,236.0
19234,251.0
19246,254.0
19257,255.0
19268,253.0
19279,248.0
19292,239.0
19303,240.0
19314,240.0
19325,235.0
19337,233.0
19348,230.0
19360,230.0
19372,229.0
19383,236.0
19394,241.0
19405,236.0
19417,237.0
19429,231.0
19440,227.0
19451,221.0
19463,223.0
19474,226.0
19485,228.0
19497,230.0
19509,226.0
19520,218.0
19531,214.0
19543,214.0
19555,214.0
19566,212.0
19577,220.0
19589,223.0
19600,225.0
19611,221.0
19623,217.0
19635,213.0
19646,206.0
19657,217.0
19668,225.0
19680,236.0
19692,237.0
19703,242.0
19715,240.0
19726,232.0
19737,233.0
19748,226.0
19761,228.0
19772,232.0
19783,232.0
19794,230.0
19806,226.0
19817,220.0
19829,216.0
19841,213.0
19852,217.0
19863,229.0
19874,228.0
19887,225.0
19898,223.0
19909,216.0
19920,209.0
19932,217.0
19943,224.0
19955,229.0
19966,238.0
19978,242.0
19989,232.0
20000,231.0
20012,231.0
20024,229.0
20035,235.0
20046,232.0
20058,235.0
20069,236.0
20080,230.0
20092,228.0
20104,221.0
20115,227.0
20126,231.0
20137,228.0
20149,224.0
20161,232.0
20172,234.0
20184,231.0
20195,236.0
20206,234.0
20218,228.0
20230,223.0
20241,230.0
20252,228.0
20263,229.0
20275,230.0
20287,229.0
20298,234.0
20310,226.0
20321,223.0
20332,218.0
20343,219.0
20356,234.0
20367,235.0
20378,232.0
20389,239.0
20401,246.0
20412,233.0
20424,245.0
20435,250.0
20447,248.0
20458,236.0
20469,244.0
20481,252.0
20493,240.0
20504,259.0
20515,252.0
20527,258.0
20538,257.0
20549,253.0
20561,255.0
20573,265.0
20584,285.0
20595,263.0
20606,258.0
20619,265.0
20630,313.0
20641,303.0
20653,296.0
20664,291.0
20675,288.0
20687,284.0
20699,263.0
20710,258.0
20721,243.0
20732,240.0
20744,246.0
20756,259.0
20767,250.0
20779,250.0
20790,243.0
20801,241.0
20812,240.0
20825,227.0
20836,231.0
20847,230.0
20858,236.0
20870,232.0
20881,223.0
20893,227.0
20904,228.0
20916,229.0
20927,227.0
20938,225.0
20950,216.0
20962,213.0
20973,217.0
20984,221.0
20996,225.0
21007,229.0
21019,223.0
21030,213.0
21042,213.0
21053,222.0
21064,227.0
21075,232.0
21088,231.0
21099,224.0
21110,218.0
21122,216.0
21133,215.0
21144,209.0
21156,220.0
21168,238.0
21179,241.0
21190,238.0
21201,240.0
21213,234.0
21225,229.0
21236,236.0
21248,245.0
21259,235.0
21270,232.0
21281,226.0
21294,227.0
21305,219.0
21316,226.0
21327,222.0
21339,218.0
21351,216.0
21362,209.0
21373,211.0
21385,213.0
21396,223.0
21407,218.0
21420,219.0
21431,221.0
21442,219.0
21453,216.0
21465,217.0
21476,227.0
21488,228.0
21499,232.0
21511,235.0
21522,237.0
21533,230.0
21544,229.0
21557,233.0
21568,231.0
21579,231.0
21591,231.0
21602,232.0
21613,227.0
21625,231.0
21637,236.0
21648,226.0
21659,225.0
21670,228.0
21682,234.0
21694,232.0
21705,233.0
21716,231.0
21728,230.0
21739,228.0
21751,227.0
21763,217.0
21774,219.0
21785,227.0
21796,231.0
21808,233.0
21820,227.0
21831,228.0
21842,222.0
21854,232.0
21865,238.0
21876,240.0
21889,237.0
21900,227.0
21911,222.0
21922,220.0
21934,223.0
21945,231.0
21957,234.0
21968,236.0
21980,230.0
21991,220.0
22002,215.0
22013,222.0
22026,228.0
22037,227.0
22048,235.0
22060,235.0
22071,233.0
22083,228.0
22094,233.0
22106,228.0
22117,225.0
22128,225.0
22139,220.0
22152,227.0
22163,231.0
22174,242.0
22185,252.0
22197,257.0
22208,254.0
22220,246.0
22232,236.0
22243,244.0
22254,260.0
22265,265.0
22277,329.0
22289,378.0
22300,404.0
22311,417.0
22323,416.0
22334,480.0
22345,466.0
22358,449.0
22369,415.0
22380,382.0
22391,376.0
22403,350.0
22414,341.0
22426,304.0
22437,293.0
22449,278.0
22460,257.0
22471,268.0
22483,262.0
22495,251.0
22506,245.0
22517,240.0
22529,246.0
22540,234.0
22552,238.0
22563,246.0
22575,243.0
22586,243.0
22597,237.0
22608,234.0
22621,228.0
22632,236.0
22643,240.0
22654,249.0
22666,253.0
22677,246.0
22689,233.0
22701,224.0
22712,228.0
22723,227.0
22734,227.0
22746,231.0
22758,236.0
22769,238.0
22780,227.0
22792,233.0
22803,228.0
22815,223.0
22827,224.0
22838,221.0
22849,228.0
22860,225.0
22872,220.0
22884,215.0
22895,224.0
22906,230.0
22918,228.0
22929,228.0
22940,225.0
22952,225.0
22964,219.0
22975,223.0
22986,225.0
22998,221.0
23009,220.0
23021,221.0
23032,216.0
23044,224.0
23055,232.0
23066,239.0
23077,242.0
23090,248.0
23101,256.0
23112,252.0
23123,244.0
23135,244.0
23147,241.0
23158,236.0
23170,241.0
23181,251.0
23192,252.0
23203,267.0
23216,264.0
23227,256.0
23238,247.0
23249,247.0
23261,242.0
23272,234.0
23284,239.0
23296,238.0
23307,236.0
23318,233.0
23329,236.0
23341,232.0
23353,230.0
23364,236.0
23375,236.0
23387,238.0
23398,233.0
23409,229.0
23421,227.0
23433,225.0
23444,222.0
23455,215.0
23467,213.0
23478,218.0
23490,223.0
23501,221.0
23513,222.0
23524,221.0
23535,212.0
23547,209.0
23559,215.0
23570,220.0
23581,224.0
23592,222.0
23604,220.0
23616,211.0
23627,209.0
23639,215.0
23650,225.0
23661,231.0
23672,237.0
23685,234.0
23696,227.0
23707,225.0
23718,222.0
23730,221.0
23741,235.0
23753,247.0
23764,247.0
23776,238.0
23787,236.0
23798,236.0
23810,235.0
23822,236.0
23833,233.0
23844,233.0
23856,228.0
23867,227.0
23879,217.0
23890,220.0
23902,231.0
23913,227.0
23924,227.0
23936,228.0
23948,234.0
23959,230.0
23970,225.0
23982,235.0
23993,234.0
24004,236.0
24016,234.0
24028,236.0
24039,233.0
24050,229.0
24061,225.0
24073,221.0
24085,219.0
24096,219.0
24108,227.0
24119,228.0
24130,222.0
24141,223.0
24154,221.0
24165,226.0
24176,233.0
24187,234.0
24199,240.0
24210,236.0
24222,242.0
24233,281.0
24245,290.0
24256,290.0
24267,304.0
24280,306.0
24291,300.0
24302,340.0
24313,354.0
24325,342.0
24336,320.0
24348,326.0
24359,335.0
24371,318.0
24382,316.0
24393,301.0
24404,298.0
24417,287.0
24428,273.0
24439,268.0
24451,279.0
24462,286.0
24473,275.0
24485,273.0
24497,260.0
24508,244.0
24519,238.0
24530,248.0
24542,256.0
24554,251.0
24565,249.0
24577,246.0
24588,249.0
24599,245.0
24611,229.0
24623,223.0
24634,224.0
24645,235.0
24656,238.0
24668,241.0
24680,239.0
24691,242.0
24702,239.0
24714,241.0
24725,246.0
24736,246.0
24749,246.0
24760,244.0
24771,236.0
24782,237.0
24794,232.0
24805,238.0
24817,243.0
24828,237.0
24840,233.0
24851,235.0
24862,228.0
24873,220.0
24886,223.0
24897,237.0
24908,243.0
24920,245.0
24931,241.0
24942,239.0
24954,239.0
24966,236.0
24977,234.0
24988,231.0
24999,225.0
25012,222.0
25023,223.0
25034,225.0
25046,227.0
25057,230.0
25068,230.0
25080,221.0
25092,214.0
25103,222.0
25114,236.0
25125,235.0
25137,245.0
25149,243.0
25160,251.0
25171,247.0
25183,247.0
25194,246.0
25205,244.0
25218,246.0
25229,244.0
25240,232.0
25251,233.0
25263,233.0
25274,231.0
25286,242.0
25297,242.0
25309,241.0
25320,233.0
25331,238.0
25344,243.0
25355,242.0
25366,247.0
25377,242.0
25389,231.0
25400,224.0
25412,222.0
25423,219.0
25435,221.0
25446,226.0
25457,227.0
25468,222.0
25481,221.0
25492,230.0
25503,234.0
25515,238.0
25526,234.0
25537,232.0
25549,232.0
25561,233.0
25572,236.0
25583,238.0
25594,236.0
25606,236.0
25618,237.0
25629,229.0
25640,241.0
25652,243.0
25663,242.0
25674,245.0
25687,236.0
25698,236.0
25709,234.0
25720,233.0
25732,240.0
25744,236.0
25755,243.0
25766,236.0
25778,228.0
25789,221.0
25800,222.0
25812,220.0
25824,218.0
25835,236.0
25846,236.0
25858,233.0
25869,229.0
25881,230.0
25892,222.0
25904,224.0
25915,224.0
25926,218.0
25937,222.0
25950,229.0
25961,237.0
25972,233.0
25984,234.0
25995,235.0
26006,229.0
26018,233.0
26030,232.0
26041,235.0
26052,235.0
26063,232.0
26076,223.0
26087,225.0
26098,224.0
26109,240.0
26121,241.0
26132,250.0
26144,279.0
26156,278.0
26167,314.0
26178,323.0
26189,361.0
26201,365.0
26213,389.0
26224,400.0
26235,446.0
26247,453.0
26258,439.0
26269,439.0
26281,439.0
26293,431.0
26304,414.0
26315,395.0
26327,366.0
26338,344.0
26350,322.0
26361,297.0
26373,295.0
26384,281.0
26395,269.0
26406,256.0
26419,250.0
26430,241.0
26441,235.0
26452,234.0
26464,237.0
26476,237.0
26487,238.0
26499,229.0
26510,224.0
26521,218.0
26532,222.0
26545,214.0
26556,213.0
26567,209.0
26578,218.0
26590,212.0
26601,205.0
26613,206.0
26625,208.0
26636,207.0
26647,213.0
26658,231.0
26670,236.0
26682,237.0
26693,235.0
26704,229.0
26716,233.0
26727,231.0
26738,221.0
26750,214.0
26762,208.0
26773,211.0
26784,206.0
26796,205.0
26808,206.0
26819,210.0
26830,202.0
26842,200.0
26853,205.0
26864,206.0
26876,215.0
26888,213.0
26899,209.0
26910,212.0
26921,205.0
26933,206.0
26945,205.0
26956,213.0
26968,214.0
26979,211.0
26990,213.0
27001,213.0
27014,211.0
27025,208.0
27036,215.0
27047,215.0
27059,218.0
27070,214.0
27082,208.0
27094,208.0
27105,208.0
27116,214.0
27127,210.0
27139,206.0
27151,215.0
27162,214.0
27173,218.0
27185,218.0
27196,222.0
27208,229.0
27219,225.0
27231,223.0
27242,213.0
27253,203.0
27265,199.0
27277,202.0
27288,205.0
27299,206.0
27311,206.0
27322,204.0
27333,214.0
27345,224.0
27357,225.0
27368,224.0
27379,217.0
27390,216.0
27402,213.0
27414,219.0
27425,224.0
27437,225.0
27448,222.0
27459,219.0
27470,217.0
27483,213.0
27494,222.0
27505,223.0
27516,222.0
27528,219.0
27540,215.0
27551,217.0
27563,218.0
27574,219.0
27585,219.0
27596,223.0
27609,227.0
27620,229.0
27631,232.0
27642,228.0
27654,229.0
27665,223.0
27677,223.0
27688,237.0
27700,241.0
27711,232.0
27722,227.0
27734,222.0
27746,219.0
27757,216.0
27768,215.0
27780,209.0
27791,210.0
27802,207.0
27814,216.0
27826,216.0
27837,223.0
27848,229.0
27859,222.0
27871,225.0
27883,230.0
27894,227.0
27906,228.0
27917,232.0
27928,233.0
27940,224.0
27952,229.0
27963,237.0
27974,243.0
27985,236.0
27997,245.0
28009,240.0
28020,233.0
28032,236.0
28043,244.0
28054,238.0
28065,243.0
28078,248.0
28089,250.0
28100,256.0
28111,262.0
28123,263.0
28134,264.0
28146,307.0
28157,293.0
28169,302.0
28180,299.0
28191,322.0
28203,311.0
28215,298.0
28226,310.0
28237,306.0
28249,317.0
28260,310.0
28271,339.0
28283,329.0
28295,303.0
28306,293.0
28317,287.0
28328,271.0
28341,264.0
28352,264.0
28363,261.0
28375,253.0
28386,248.0
28397,247.0
28409,245.0
28421,240.0
28432,231.0
28443,229.0
28454,234.0
28466,233.0
28478,224.0
28489,221.0
28500,228.0
28512,233.0
28523,227.0
28534,226.0
28547,225.0
28558,221.0
28569,212.0
28580,214.0
28592,220.0
28603,227.0
28615,229.0
28626,227.0
28638,217.0
28649,217.0
28660,224.0
28673,225.0
28684,217.0
28695,219.0
28706,213.0
28718,206.0
28729,204.0
28741,203.0
28752,202.0
28764,205.0
28775,207.0
28786,211.0
28797,208.0
28810,209.0
28821,201.0
28832,203.0
28844,209.0
28855,215.0
28866,219.0
28878,227.0
28890,245.0
28901,246.0
28912,239.0
28923,240.0
28935,239.0
28947,235.0
28958,236.0
28969,242.0
28981,239.0
28992,235.0
29003,231.0
29016,230.0
29027,225.0
29038,220.0
29049,215.0
29061,213.0
29073,216.0
29084,225.0
29095,222.0
29107,213.0
29118,215.0
29129,216.0
29142,218.0
29153,230.0
29164,237.0
29175,233.0
29187,233.0
29198,242.0
29210,243.0
29221,238.0
29233,238.0
29244,232.0
29255,221.0
29266,219.0
29279,219.0
29290,222.0
29301,228.0
29313,227.0
29324,223.0
29335,214.0
29347,218.0
29359,213.0
29370,216.0
29381,218.0
29392,228.0
29405,235.0
29416,228.0
29427,230.0
29438,227.0
29450,234.0
29461,239.0
29473,241.0
29485,244.0
29496,240.0
29507,242.0
29518,233.0
29530,233.0
29542,245.0
29553,247.0
29564,245.0
29576,237.0
29587,238.0
29598,231.0
29611,233.0
29622,232.0
29633,230.0
29644,230.0
29656,230.0
29667,232.0
29679,226.0
29690,227.0
29702,230.0
29713,231.0
29724,231.0
29735,236.0
29748,237.0
29759,236.0
29770,231.0
29782,231.0
29793,227.0
29805,228.0
29816,233.0
29828,228.0
29839,220.0
29850,217.0
29861,223.0
29874,221.0
29885,222.0
29896,224.0
29907,224.0
29919,226.0
29930,222.0
29942,220.0
29954,216.0
29965,222.0
29976,228.0
29987,229.0
29999,228.0
30011,227.0
30022,229.0
30033,223.0
30045,221.0
30056,218.0
30067,218.0
30080,238.0
30091,242.0
30102,253.0
30113,255.0
30125,272.0
30137,269.0
30148,279.0
30159,324.0
30171,336.0
30182,312.0
30193,308.0
30205,312.0
30217,309.0
30228,287.0
30239,277.0
30251,277.0
30262,309.0
30274,298.0
30285,298.0
30297,284.0
30308,273.0
30319,269.0
30330,276.0
30343,267.0
30354,261.0
30365,245.0
30376,240.0
30388,242.0
30399,253.0
30411,247.0
30423,245.0
30434,250.0
30445,239.0
30456,228.0
30469,229.0
30480,231.0
30491,224.0
30502,218.0
30514,228.0
30525,222.0
30537,216.0
30548,213.0
30560,216.0
30571,212.0
30582,211.0
30594,208.0
30606,214.0
30617,209.0
30628,205.0
30640,208.0
30651,208.0
30662,221.0
30674,228.0
30686,234.0
30697,241.0
30708,243.0
30720,233.0
30731,223.0
30743,230.0
30754,224.0
30766,224.0
30777,224.0
30788,223.0
30799,222.0
30812,224.0
30823,227.0
30834,228.0
30845,232.0
30857,230.0
30869,223.0
30880,215.0
30892,207.0
30903,210.0
30914,214.0
30925,214.0
30938,213.0
30949,208.0
30960,206.0
30971,208.0
30983,200.0
30994,200.0
31006,202.0
31017,205.0
31029,208.0
31040,206.0
31051,205.0
31063,204.0
31075,208.0
31086,213.0
31097,215.0
31109,213.0
31120,214.0
31131,212.0
31143,211.0
31155,219.0
31166,231.0
31177,239.0
31188,238.0
31200,235.0
31212,231.0
31223,224.0
31235,221.0
31246,217.0
31257,212.0
31269,217.0
31281,223.0
31292,219.0
31303,212.0
31314,210.0
31326,214.0
31338,211.0
31349,212.0
31361,223.0
31372,222.0
31383,212.0
31394,209.0
31407,211.0
31418,213.0
31429,210.0
31440,210.0
31452,207.0
31463,216.0
31475,224.0
31486,222.0
31498,228.0
31509,226.0
31520,230.0
31532,226.0
31544,222.0
31555,226.0
31566,230.0
31578,234.0
31589,232.0
31601,229.0
31612,224.0
31624,220.0
31635,219.0
31646,218.0
31657,221.0
31670,227.0
31681,229.0
31692,228.0
31704,229.0
31715,226.0
31726,224.0
31738,222.0
31750,229.0
31761,225.0
31772,223.0
31783,219.0
31795,224.0
31807,221.0
31818,219.0
31830,220.0
31841,216.0
31852,212.0
31863,213.0
31876,213.0
31887,213.0
31898,213.0
31909,219.0
31921,215.0
31932,218.0
31944,216.0
31955,213.0
31967,216.0
31978,223.0
31989,221.0
32002,212.0
32013,202.0
32024,253.0
32035,296.0
32047,315.0
32058,331.0
32070,369.0
32081,389.0
32093,372.0
32104,359.0
32115,344.0
32126,336.0
32139,307.0
32150,311.0
32161,301.0
32173,283.0
32184,293.0
32195,293.0
32207,273.0
32219,268.0
32230,263.0
32241,253.0
32252,248.0
32264,244.0
32276,237.0
32287,231.0
32299,222.0
32310,221.0
32321,210.0
32333,223.0
32345,221.0
32356,221.0
32367,225.0
32378,218.0
32390,211.0
32402,216.0
32413,218.0
32424,220.0
32436,222.0
32447,219.0
32458,220.0
32471,214.0
32482,208.0
32493,214.0
32504,205.0
32516,211.0
32527,220.0
32539,225.0
32550,226.0
32562,226.0
32573,220.0
32584,221.0
32595,225.0
32608,221.0
32619,218.0
32630,233.0
32642,238.0
32653,239.0
32665,231.0
32676,233.0
32688,231.0
32699,220.0
32710,223.0
32721,221.0
32734,220.0
32745,221.0
32756,222.0
32768,210.0
32779,210.0
32790,212.0
32802,208.0
32814,214.0
32825,219.0
32836,216.0
32847,221.0
32859,217.0
32871,217.0
32882,213.0
32893,215.0
32905,234.0
32916,236.0
32927,241.0
32940,239.0
32951,234.0
32962,227.0
32973,225.0
32985,234.0
32996,235.0
33008,239.0
33019,240.0
33031,236.0
33042,226.0
33053,224.0
33065,228.0
33077,224.0
33088,227.0
33099,224.0
33111,228.0
33122,226.0
33134,225.0
33145,220.0
33157,216.0
33168,218.0
33179,219.0
33190,220.0
33203,218.0
33214,221.0
33225,218.0
33236,211.0
33248,219.0
33259,216.0
33271,214.0
33283,217.0
33294,225.0
33305,223.0
33316,218.0
33328,216.0
33340,213.0
33351,211.0
33362,215.0
33374,215.0
33385,215.0
33397,216.0
33409,215.0
33420,215.0
33431,222.0
33442,232.0
33454,229.0
33466,226.0
33477,230.0
33488,225.0
33500,222.0
33511,224.0
33522,240.0
33534,249.0
33546,246.0
33557,238.0
33568,233.0
33580,223.0
33591,229.0
33603,238.0
33614,242.0
33626,242.0
33637,240.0
33648,239.0
33659,233.0
33672,236.0
33683,239.0
33694,240.0
33705,243.0
33717,239.0
33728,225.0
33740,216.0
33752,215.0
33763,219.0
33774,227.0
33785,229.0
33798,230.0
33809,229.0
33820,227.0
33831,230.0
33843,241.0
33854,253.0
33866,258.0
33878,259.0
33889,251.0
33900,243.0
33911,244.0
33923,231.0
33935,225.0
33946,232.0
33957,236.0
33969,242.0
33980,244.0
33991,250.0
34003,265.0
34015,268.0
34026,268.0
34037,282.0
34049,294.0
34060,327.0
34072,341.0
34083,329.0
34095,303.0
34106,376.0
34117,393.0
34129,405.0
34141,407.0
34152,417.0
34163,407.0
34174,376.0
34186,385.0
34198,426.0
34209,439.0
34221,392.0
34232,365.0
34243,337.0
34254,360.0
34267,379.0
34278,353.0
34289,337.0
34300,331.0
34312,324.0
34323,331.0
34335,319.0
34347,306.0
34358,300.0
34369,287.0
34380,274.0
34392,273.0
34404,268.0
34415,252.0
34426,246.0
34438,242.0
34449,241.0
34460,234.0
34472,233.0
34484,237.0
34495,228.0
34506,225.0
34518,235.0
34530,226.0
34541,225.0
34552,224.0
34564,224.0
34575,220.0
34586,220.0
34598,234.0
34610,256.0
34621,258.0
34632,260.0
34643,249.0
34655,253.0
34667,240.0
34678,239.0
34690,240.0
34701,243.0
34712,249.0
34723,239.0
34736,222.0
34747,220.0
34758,222.0
34769,236.0
34781,229.0
34792,227.0
34804,226.0
34816,220.0
34827,220.0
34838,231.0
34849,229.0
34861,225.0
34873,226.0
34884,228.0
34895,220.0
34907,222.0
34918,219.0
34930,210.0
34941,213.0
34953,222.0
34964,225.0
34975,220.0
34987,229.0
34999,233.0
35010,227.0
35021,226.0
35033,222.0
35044,226.0
35055,220.0
35067,228.0
35079,229.0
35090,227.0
35101,226.0
35112,225.0
35124,229.0
35136,228.0
35147,236.0
35159,235.0
35170,231.0
35181,229.0
35192,219.0
35205,216.0
35216,216.0
35227,215.0
35238,214.0
35250,215.0
35262,213.0
35273,205.0
35284,199.0
35296,201.0
35307,204.0
35318,205.0
35331,208.0
35342,209.0
35353,211.0
35364,208.0
35376,204.0
35387,202.0
35399,208.0
35410,207.0
35422,213.0
35433,207.0
35444,205.0
35456,203.0
35468,200.0
35479,201.0
35490,204.0
35502,208.0
35513,204.0
35524,212.0
35536,219.0
35548,211.0
35559,215.0
35570,216.0
35581,220.0
35594,219.0
35605,221.0
35616,226.0
35628,233.0
35639,236.0
35650,233.0
35662,241.0
35674,237.0
35685,245.0
35696,247.0
35707,244.0
35719,248.0
35731,241.0
35742,238.0
35753,237.0
35765,268.0
35776,285.0
35787,270.0
35800,265.0
35811,284.0
35822,281.0
35833,275.0
35845,285.0
35856,288.0
35868,279.0
35879,261.0
35891,249.0
35902,244.0
35913,246.0
35924,255.0
35937,255.0
35948,252.0
35959,247.0
35971,240.0
35982,236.0
35994,232.0
36005,265.0
36017,279.0
36028,325.0
36039,335.0
36050,368.0
36063,369.0
36074,362.0
36085,412.0
36097,372.0
36108,371.0
36119,354.0
36131,377.0
36143,375.0
36154,358.0
36165,373.0
36176,415.0
36188,421.0
36200,432.0
36211,424.0
36222,419.0
36234,410.0
36245,386.0
36256,354.0
36269,329.0
36280,318.0
36291,291.0
36302,301.0
36314,297.0
36326,283.0
36337,270.0
36348,263.0
36360,268.0
36371,252.0
36382,247.0
36395,237.0
36406,236.0
36417,242.0
36428,229.0
36440,227.0
36451,211.0
36463,209.0
36474,207.0
36486,208.0
36497,220.0
36508,216.0
36519,219.0
36532,219.0
36543,224.0
36554,227.0
36566,214.0
36577,212.0
36588,206.0
36600,220.0
36612,221.0
36623,219.0
36634,224.0
36645,223.0
36657,223.0
36669,218.0
36680,223.0
36691,228.0
36703,225.0
36714,239.0
36726,239.0
36738,237.0
36749,229.0
36760,224.0
36771,223.0
36783,227.0
36795,237.0
36806,237.0
36817,248.0
36829,244.0
36840,244.0
36851,242.0
36864,243.0
36875,250.0
36886,257.0
36897,263.0
36909,251.0
36920,263.0
36932,261.0
36943,258.0
36955,263.0
36966,277.0
36977,270.0
36988,259.0
37001,253.0
37012,253.0
37023,245.0
37035,246.0
37046,247.0
37058,246.0
37069,250.0
37081,253.0
37092,242.0
37103,241.0
37114,234.0
37127,227.0
37138,226.0
37149,229.0
37160,228.0
37172,221.0
37183,219.0
37195,225.0
37207,215.0
37218,217.0
37229,222.0
37240,220.0
37252,219.0
37264,218.0
37275,215.0
37286,207.0
37298,210.0
37309,220.0
37320,223.0
37332,218.0
37344,215.0
37355,218.0
37366,218.0
37378,221.0
37389,217.0
37401,212.0
37412,211.0
37424,210.0
37435,211.0
37446,208.0
37458,204.0
37470,212.0
37481,217.0
37492,224.0
37504,226.0
37515,226.0
37527,236.0
37538,242.0
37550,255.0
37561,259.0
37572,265.0
37583,278.0
37596,284.0
37607,273.0
37618,266.0
37629,269.0
37641,268.0
37652,267.0
37664,271.0
37676,272.0
37687,264.0
37698,268.0
37709,272.0
37721,268.0
37733,289.0
37744,276.0
37755,274.0
37767,265.0
37778,275.0
37790,275.0
37801,268.0
37813,273.0
37824,256.0
37835,248.0
37847,242.0
37859,256.0
37870,257.0
37881,259.0
37893,254.0
37904,257.0
37915,250.0
37927,241.0
37939,237.0
37950,240.0
37961,245.0
37972,246.0
37984,242.0
37996,240.0
38007,235.0
38019,251.0
38030,252.0
38041,261.0
38052,254.0
38065,278.0
38076,314.0
38087,312.0
38098,332.0
38110,358.0
38121,335.0
38133,339.0
38145,334.0
38156,383.0
38167,382.0
38178,374.0
38191,350.0
38202,369.0
38213,345.0
38224,325.0
38236,326.0
38247,313.0
38259,331.0
38270,321.0
38282,298.0
38293,282.0
38304,294.0
38316,293.0
38328,279.0
38339,277.0
38350,269.0
38362,256.0
38373,244.0
38384,234.0
38396,229.0
38408,235.0
38419,243.0
38430,242.0
38441,235.0
38453,227.0
38465,224.0
38476,224.0
38488,223.0
38499,226.0
38510,226.0
38522,229.0
38534,221.0
38545,223.0
38556,224.0
38567,226.0
38579,222.0
38591,225.0
38602,220.0
38614,231.0
38625,231.0
38636,221.0
38647,217.0
38660,218.0
38671,218.0
38682,221.0
38693,232.0
38705,240.0
38716,235.0
38728,232.0
38739,229.0
38751,226.0
38762,215.0
38773,219.0
38785,223.0
38797,227.0
38808,226.0
38819,227.0
38831,231.0
38842,223.0
38853,230.0
38865,234.0
38877,250.0
38888,258.0
38899,259.0
38910,255.0
38923,255.0
38934,259.0
38945,251.0
38957,256.0
38968,252.0
38979,250.0
38991,252.0
39003,244.0
39014,237.0
39025,229.0
39036,220.0
39048,217.0
39060,210.0
39071,215.0
39083,223.0
39094,223.0
39105,218.0
39116,225.0
39129,232.0
39140,236.0
39151,233.0
39162,239.0
39174,238.0
39185,228.0
39197,225.0
39208,221.0
39220,222.0
39231,217.0
39242,218.0
39255,218.0
39266,214.0
39277,210.0
39288,207.0
39300,210.0
39311,214.0
39323,220.0
39334,217.0
39346,211.0
39357,205.0
39368,203.0
39379,202.0
39392,213.0
39403,212.0
39414,210.0
39426,209.0
39437,210.0
39448,208.0
39460,205.0
39472,213.0
39483,215.0
39494,224.0
39505,221.0
39517,218.0
39529,215.0
39540,216.0
39552,228.0
39563,223.0
39574,223.0
39585,217.0
39598,217.0
39609,214.0
39620,212.0
39631,220.0
39643,222.0
39655,221.0
39666,219.0
39677,216.0
39689,212.0
39700,212.0
39711,217.0
39724,220.0
39735,223.0
39746,217.0
39757,217.0
39769,221.0
39780,236.0
39792,236.0
39803,244.0
39815,236.0
39826,231.0
39837,223.0
39848,222.0
39861,221.0
39872,225.0
39883,220.0
39895,223.0
39906,217.0
39917,209.0
39929,208.0
39941,209.0
39952,212.0
39963,219.0
39974,222.0
39986,220.0
39998,215.0
40009,213.0
40020,213.0
40032,208.0
40043,211.0
40055,214.0
40067,219.0
40078,219.0
40089,222.0
40100,223.0
40112,229.0
40124,232.0
40135,230.0
40146,219.0
40158,216.0
40169,220.0
40180,221.0
40193,216.0
40204,225.0
40215,231.0
40226,250.0
40238,253.0
40249,247.0
40261,236.0
40272,248.0
40284,237.0
40295,238.0
40306,298.0
40317,314.0
40330,318.0
40341,325.0
40352,313.0
40364,324.0
40375,304.0
40387,294.0
40398,282.0
40410,275.0
40421,267.0
40432,265.0
40443,271.0
40456,270.0
40467,280.0
40478,267.0
40489,256.0
40501,252.0
40512,238.0
40524,239.0
40536,239.0
40547,240.0
40558,237.0
40569,240.0
40581,240.0
40593,233.0
40604,226.0
40615,217.0
40627,216.0
40638,221.0
40649,227.0
40662,222.0
40673,220.0
40684,221.0
40695,222.0
40707,233.0
40718,236.0
40730,234.0
40741,243.0
40753,235.0
40764,226.0
40775,226.0
40787,226.0
40799,223.0
40810,223.0
40821,223.0
40833,216.0
40844,204.0
40856,210.0
40867,215.0
40879,215.0
40890,215.0
40901,208.0
40912,206.0
40925,199.0
40936,199.0
40947,202.0
40958,199.0
40970,208.0
40981,211.0
40993,213.0
41005,217.0
41016,223.0
41027,221.0
41038,222.0
41050,229.0
41062,232.0
41073,228.0
41084,232.0
41096,236.0
41107,232.0
41119,229.0
41131,222.0
41142,218.0
41153,212.0
41164,214.0
41176,214.0
41188,212.0
41199,212.0
41210,213.0
41222,215.0
41233,214.0
41244,219.0
41256,221.0
41268,220.0
41279,217.0
41290,218.0
41302,212.0
41313,214.0
41325,219.0
41336,214.0
41348,210.0
41359,215.0
41370,217.0
41381,212.0
41394,205.0
41405,199.0
41416,201.0
41427,203.0
41439,204.0
41451,198.0
41462,200.0
41474,202.0
41485,198.0
41496,199.0
41507,204.0
41520,205.0
41531,205.0
41542,204.0
41553,204.0
41565,206.0
41576,210.0
41588,215.0
41600,216.0
41611,214.0
41622,212.0
41633,212.0
41645,207.0
41657,217.0
41668,222.0
41679,221.0
41691,215.0
41702,214.0
41713,210.0
41725,209.0
41737,208.0
41748,208.0
41759,203.0
41771,190.0
41782,195.0
41794,199.0
41805,207.0
41817,210.0
41828,211.0
41839,208.0
41851,208.0
41863,216.0
41874,209.0
41885,224.0
41896,227.0
41908,228.0
41920,229.0
41931,223.0
41943,234.0
41954,224.0
41965,218.0
41976,218.0
41989,220.0
42000,218.0
42011,223.0
42022,227.0
42034,233.0
42045,230.0
42057,232.0
42068,228.0
42080,229.0
42091,238.0
42102,240.0
42114,244.0
42126,245.0
42137,239.0
42148,235.0
42160,231.0
42171,241.0
42182,238.0
42194,235.0
42206,233.0
42217,228.0
42228,228.0
42240,231.0
42252,236.0
42263,251.0
42274,262.0
42286,272.0
42297,289.0
42308,282.0
42320,281.0
42332,296.0
42343,317.0
42354,318.0
42365,319.0
42377,309.0
42389,320.0
42400,324.0
42412,309.0
42423,298.0
42434,297.0
42445,307.0
42458,293.0
42469,292.0
42480,283.0
42491,264.0
42503,251.0
42514,251.0
42526,255.0
42537,249.0
42549,244.0
42560,258.0
42571,253.0
42584,239.0
42595,243.0
42606,237.0
42617,234.0
42629,234.0
42640,235.0
42652,229.0
42663,230.0
42675,232.0
42686,232.0
42697,229.0
42708,227.0
42721,230.0
42732,223.0
42743,219.0
42755,220.0
42766,224.0
42777,226.0
42789,225.0
42801,221.0
42812,216.0
42823,212.0
42834,208.0
42846,207.0
42858,210.0
42869,216.0
42881,217.0
42892,209.0
42903,206.0
42915,201.0
42927,202.0
42938,203.0
42949,217.0
42960,227.0
42972,230.0
42984,225.0
42995,221.0
43006,218.0
43018,221.0
43029,222.0
43040,219.0
43053,227.0
43064,232.0
43075,227.0
43086,218.0
43098,226.0
43109,238.0
43121,239.0
43132,237.0
43144,235.0
43155,227.0
43166,227.0
43177,223.0
43190,222.0
43201,225.0
43212,232.0
43224,228.0
43235,220.0
43246,214.0
43258,212.0
43270,206.0
43281,203.0
43292,209.0
43303,210.0
43316,210.0
43327,212.0
43338,214.0
43350,209.0
43361,207.0
43372,206.0
43384,204.0
43396,207.0
43407,216.0
43418,210.0
43429,207.0
43441,206.0
43453,209.0
43464,213.0
43475,213.0
43487,214.0
43498,211.0
43509,207.0
43522,201.0
43533,205.0
43544,207.0
43555,211.0
43567,215.0
43578,213.0
43590,216.0
43601,218.0
43613,213.0
43624,213.0
43635,223.0
43648,231.0
43659,230.0
43670,231.0
43681,222.0
43693,225.0
43704,217.0
43716,223.0
43727,225.0
43739,225.0
43750,224.0
43761,222.0
43772,222.0
43785,220.0
43796,228.0
43807,221.0
43819,220.0
43830,226.0
43841,222.0
43853,218.0
43865,219.0
43876,219.0
43887,218.0
43898,214.0
43910,214.0
43922,217.0
43933,222.0
43944,229.0
43956,227.0
43967,228.0
43978,222.0
43991,220.0
44002,222.0
44013,220.0
44024,228.0
44036,226.0
44048,226.0
44059,227.0
44070,221.0
44082,214.0
44093,216.0
44104,225.0
44116,226.0
44128,233.0
44139,235.0
44150,230.0
44162,237.0
44173,238.0
44185,269.0
44196,279.0
44208,272.0
44219,265.0
44230,278.0
44241,278.0
44254,268.0
44265,290.0
44276,295.0
44288,312.0
44299,310.0
44310,336.0
44322,329.0
44334,325.0
44345,317.0
44356,317.0
44367,325.0
44380,332.0
44391,301.0
44402,296.0
44413,284.0
44425,270.0
44436,258.0
44448,260.0
44460,251.0
44471,250.0
44482,267.0
44493,253.0
44505,244.0
44517,245.0
44528,246.0
44539,236.0
44551,224.0
44562,231.0
44573,230.0
44585,231.0
44597,224.0
44608,223.0
44619,220.0
44631,221.0
44642,219.0
44654,217.0
44665,228.0
44677,225.0
44688,217.0
44699,208.0
44710,210.0
44723,215.0
44734,219.0
44745,223.0
44756,216.0
44768,223.0
44780,220.0
44791,212.0
44803,206.0
44814,207.0
44825,212.0
44836,211.0
44849,206.0
44860,216.0
44871,220.0
44882,217.0
44894,218.0
44905,217.0
44917,219.0
44929,223.0
44940,223.0
44951,231.0
44962,224.0
44974,221.0
44986,229.0
44997,225.0
45008,220.0
45020,225.0
45031,231.0
45042,228.0
45054,223.0
45066,221.0
45077,214.0
45088,208.0
45100,212.0
45111,221.0
45123,224.0
45134,230.0
45146,230.0
45157,218.0
45168,213.0
45180,208.0
45192,209.0
45203,209.0
45214,216.0
45225,214.0
45237,207.0
45249,199.0
45260,202.0
45272,205.0
45283,207.0
45294,211.0
45305,207.0
45318,207.0
45329,211.0
45340,206.0
45351,206.0
45363,211.0
45374,213.0
45386,208.0
45398,203.0
45409,202.0
45420,202.0
45431,199.0
45443,199.0
45455,203.0
45466,206.0
45477,210.0
45489,217.0
45500,213.0
45512,214.0
45523,211.0
45535,209.0
45546,207.0
45557,208.0
45569,214.0
45581,215.0
45592,220.0
45603,219.0
45615,214.0
45626,212.0
45637,209.0
45649,223.0
45661,222.0
45672,225.0
45683,236.0
45694,234.0
45706,226.0
45718,219.0
45729,224.0
45741,219.0
45752,227.0
45763,229.0
45774,226.0
45787,224.0
45798,225.0
45809,223.0
45820,215.0
45832,222.0
45844,225.0
45855,217.0
45867,219.0
45878,222.0
45889,225.0
45900,222.0
45913,221.0
45924,222.0
45935,219.0
45946,218.0
45958,216.0
45969,216.0
45981,218.0
45992,218.0
46004,219.0
46015,216.0
46026,218.0
46038,225.0
46050,227.0
46061,223.0
46072,213.0
46084,214.0
46095,213.0
46106,216.0
46118,218.0
46130,225.0
46141,225.0
46152,225.0
46163,222.0
46175,220.0
46187,239.0
46198,243.0
46210,239.0
46221,237.0
46232,221.0
46244,223.0
46256,220.0
46267,234.0
46278,242.0
46289,253.0
46301,250.0
46313,238.0
46324,230.0
46336,221.0
46347,227.0
46358,248.0
46369,261.0
46382,263.0
46393,260.0
46404,257.0
46415,244.0
46427,267.0
46438,280.0
46450,283.0
46461,269.0
46473,268.0
46484,259.0
46495,243.0
46507,242.0
46519,256.0
46530,259.0
46541,257.0
46553,245.0
46564,232.0
46576,230.0
46587,220.0
46599,229.0
46610,229.0
46621,226.0
46632,218.0
46645,212.0
46656,214.0
46667,207.0
46679,202.0
46690,199.0
46701,205.0
46713,207.0
46725,208.0
46736,197.0
46747,207.0
46758,203.0
46770,204.0
46782,206.0
46793,203.0
46804,206.0
46816,203.0
46827,208.0
46838,212.0
46851,205.0
46862,201.0
46873,210.0
46884,219.0
46896,216.0
46907,213.0
46919,212.0
46930,207.0
46942,205.0
46953,206.0
46964,210.0
46977,210.0
46988,212.0
46999,214.0
47010,218.0
47022,217.0
47033,226.0
47045,237.0
47056,236.0
47068,237.0
47079,237.0
47090,235.0
47101,224.0
47114,225.0
47125,218.0
47136,218.0
47148,215.0
47159,214.0
47170,210.0
47182,200.0
47194,211.0
47205,211.0
47216,217.0
47227,218.0
47239,214.0
47251,211.0
47262,207.0
47273,199.0
47285,196.0
47296,201.0
47308,206.0
47320,210.0
47331,206.0
47342,211.0
47353,213.0
47365,207.0
47377,203.0
47388,202.0
47399,203.0
47411,201.0
47422,202.0
47433,196.0
47446,199.0
47457,211.0
47468,215.0
47479,213.0
47491,209.0
47502,210.0
47514,203.0
47525,203.0
47537,208.0
47548,216.0
47559,215.0
47570,214.0
47583,217.0
47594,214.0
47605,218.0
47617,231.0
47628,233.0
47639,234.0
47651,240.0
47663,238.0
47674,240.0
47685,240.0
47696,236.0
47709,228.0
47720,225.0
47731,232.0
47742,243.0
47754,249.0
47765,246.0
47777,243.0
47789,234.0
47800,230.0
47811,241.0
47822,243.0
47834,250.0
47846,243.0
47857,231.0
47868,228.0
47880,220.0
47891,221.0
47902,219.0
47915,221.0
47926,224.0
47937,219.0
47948,213.0
47960,214.0
47971,220.0
47983,215.0
47994,219.0
48006,218.0
48017,214.0
48028,215.0
48039,215.0
48052,223.0
48063,221.0
48074,223.0
48086,221.0
48097,220.0
48109,215.0
48120,219.0
48132,218.0
48143,212.0
48154,222.0
48165,225.0
48178,229.0
48189,222.0
48200,237.0
48211,237.0
48223,237.0
48234,233.0
48246,227.0
48258,236.0
48269,251.0
48280,265.0
48291,264.0
48303,272.0
48315,268.0
48326,280.0
48337,287.0
48349,310.0
48360,354.0
48371,323.0
48384,317.0
48395,344.0
48406,330.0
48417,344.0
48429,356.0
48441,376.0
48452,347.0
48463,350.0
48475,339.0
48486,323.0
48497,323.0
48509,308.0
48521,310.0
48532,300.0
48543,295.0
48555,298.0
48566,286.0
48578,289.0
48589,284.0
48601,269.0
48612,282.0
48623,279.0
48634,269.0
48647,265.0
48658,266.0
48669,269.0
48680,260.0
48692,250.0
48703,244.0
48715,248.0
48727,243.0
48738,270.0
48749,262.0
48760,252.0
48773,252.0
48784,246.0
48795,257.0
48806,287.0
48818,289.0
48829,279.0
48841,272.0
48852,268.0
48864,260.0
48875,251.0
48886,243.0
48898,250.0
48910,245.0
48921,241.0
48932,251.0
48944,246.0
48955,237.0
48966,241.0
48978,248.0
48990,253.0
49001,261.0
49012,258.0
49024,255.0
49035,256.0
49047,254.0
49058,253.0
49070,261.0
49081,266.0
49092,261.0
49103,258.0
49116,253.0
49127,255.0
49138,263.0
49149,270.0
49161,266.0
49173,267.0
49184,260.0
49196,258.0
49207,251.0
49218,247.0
49229,240.0
49242,234.0
49253,237.0
49264,240.0
49275,248.0
49287,246.0
49298,238.0
49310,237.0
49321,246.0
49333,241.0
49344,237.0
49355,242.0
49367,237.0
49379,229.0
49390,234.0
49401,227.0
49413,223.0
49424,226.0
49435,227.0
49447,223.0
49459,218.0
49470,216.0
49481,215.0
49492,216.0
49505,231.0
49516,237.0
49527,237.0
49539,235.0
49550,227.0
49561,222.0
49573,226.0
49585,233.0
49596,233.0
49607,238.0
49618,237.0
49630,236.0
49642,231.0
49653,227.0
49665,231.0
49676,229.0
49687,234.0
49698,231.0
49711,228.0
49722,228.0
49733,227.0
49744,235.0
49756,237.0
49767,239.0
49779,242.0
49790,236.0
49802,230.0
49813,233.0
49824,238.0
49836,242.0
49848,241.0
49859,232.0
49870,231.0
49882,229.0
49893,224.0
49905,221.0
49916,223.0
49928,219.0
49939,228.0
49950,223.0
49961,220.0
49974,216.0
49985,210.0
49996,226.0
50008,234.0
50019,232.0
50030,226.0
50042,227.0
50054,235.0
50065,225.0
50076,226.0
50087,230.0
50099,229.0
50111,238.0
50122,237.0
50134,240.0
50145,231.0
50156,236.0
50167,241.0
50180,232.0
50191,231.0
50202,240.0
50213,235.0
50225,222.0
50237,217.0
50248,232.0
50259,231.0
50271,290.0
50282,332.0
50293,339.0
50306,352.0
50317,389.0
50328,429.0
50339,428.0
50351,488.0
50362,500.0
50374,503.0
50385,509.0
50397,473.0
50408,456.0
50419,428.0
50430,411.0
50443,408.0
50454,404.0
50465,387.0
50477,370.0
50488,401.0
50499,418.0
50511,389.0
50523,377.0
50534,343.0
50545,351.0
50556,331.0
50568,357.0
50580,331.0
50591,326.0
50603,307.0
50614,306.0
50625,313.0
50637,325.0
50649,317.0
50660,296.0
50671,284.0
50682,283.0
50694,287.0
50706,276.0
50717,280.0
50728,280.0
50740,283.0
50751,286.0
50762,278.0
50775,281.0
50786,272.0
50797,272.0
50808,262.0
50820,255.0
50831,248.0
50843,241.0
50854,246.0
50866,234.0
50877,231.0
50888,226.0
50899,238.0
50912,237.0
50923,240.0
50934,256.0
50946,250.0
50957,249.0
50969,256.0
50980,256.0
50992,256.0
51003,267.0
51014,265.0
51025,251.0
51038,244.0
51049,259.0
51060,265.0
51072,261.0
51083,254.0
51094,246.0
51106,239.0
51118,241.0
51129,242.0
51140,238.0
51151,230.0
51163,233.0
51175,227.0
51186,215.0
51197,216.0
51209,213.0
51220,220.0
51231,223.0
51244,223.0
51255,232.0
51266,225.0
51277,227.0
51289,226.0
51300,222.0
51312,229.0
51323,235.0
51335,226.0
51346,219.0
51357,217.0
51369,212.0
51381,216.0
51392,217.0
51403,220.0
51415,217.0
51426,212.0
51438,210.0
51449,209.0
51461,208.0
51472,209.0
51483,216.0
51494,215.0
51507,214.0
51518,227.0
51529,224.0
51540,221.0
51552,213.0
51563,208.0
51575,205.0
51587,205.0
51598,214.0
51609,211.0
51620,216.0
51632,220.0
51644,214.0
51655,208.0
51666,213.0
51678,217.0
51689,218.0
51701,222.0
51713,225.0
51724,225.0
51735,221.0
51746,221.0
51758,213.0
51770,213.0
51781,223.0
51792,227.0
51804,221.0
51815,226.0
51826,231.0
51838,232.0
51850,224.0
51861,227.0
51872,231.0
51884,231.0
51895,235.0
51907,242.0
51918,241.0
51930,239.0
51941,239.0
51952,234.0
51963,235.0
51976,238.0
51987,235.0
51998,229.0
52009,240.0
52021,244.0
52032,237.0
52044,245.0
52056,249.0
52067,245.0
52078,244.0
52089,232.0
52102,230.0
52113,227.0
52124,221.0
52135,221.0
52147,220.0
52158,226.0
52170,229.0
52182,230.0
52193,232.0
52204,230.0
52215,224.0
52227,219.0
52239,226.0
52250,226.0
52261,224.0
52273,223.0
52284,224.0
52295,222.0
52307,217.0
52319,217.0
52330,215.0
52341,211.0
52353,208.0
52364,217.0
52376,238.0
52387,241.0
52399,249.0
52410,260.0
52421,282.0
52432,278.0
52445,318.0
52456,317.0
52467,332.0
52478,359.0
52490,349.0
52502,358.0
52513,365.0
52525,376.0
52536,362.0
52547,358.0
52558,353.0
52571,352.0
52582,336.0
52593,351.0
52604,345.0
52616,345.0
52627,331.0
52639,304.0
52651,303.0
52662,294.0
52673,308.0
52684,301.0
52696,304.0
52708,307.0
52719,305.0
52730,296.0
52742,283.0
52753,274.0
52764,264.0
52776,272.0
52788,261.0
52799,250.0
52810,241.0
52822,245.0
52834,253.0
52845,273.0
52856,265.0
52868,261.0
52879,254.0
52890,243.0
52902,246.0
52914,242.0
52925,234.0
52936,234.0
52947,239.0
52959,233.0
52971,225.0
52982,223.0
52994,217.0
53005,217.0
53016,220.0
53027,214.0
53040,218.0
53051,219.0
53062,221.0
53073,219.0
53085,211.0
53096,204.0
53108,205.0
53120,216.0
53131,219.0
53142,237.0
53153,233.0
53166,224.0
53177,224.0
53188,217.0
53199,215.0
53211,223.0
53222,223.0
53234,224.0
53245,222.0
53257,218.0
53268,214.0
53279,218.0
53291,228.0
53303,226.0
53314,228.0
53325,224.0
53337,226.0
53348,218.0
53359,220.0
53371,223.0
53383,223.0
53394,227.0
53405,226.0
53416,228.0
53428,220.0
53440,217.0
53451,241.0
53463,251.0
53474,261.0
53485,260.0
53496,247.0
53509,237.0
53520,241.0
53531,240.0
53542,232.0
53554,231.0
53566,237.0
53577,223.0
53588,217.0
53600,217.0
53611,222.0
53622,221.0
53635,221.0
53646,219.0
53657,215.0
53668,210.0
53680,212.0
53691,209.0
53703,207.0
53714,210.0
53726,211.0
53737,216.0
53748,221.0
53760,233.0
53772,229.0
53783,223.0
53794,224.0
53806,221.0
53817,224.0
53828,222.0
53840,227.0
53852,232.0
53863,228.0
53874,229.0
53885,221.0
53897,218.0
53909,220.0
53920,221.0
53932,227.0
53943,229.0
53954,228.0
53966,224.0
53978,221.0
53989,224.0
54000,219.0
54011,225.0
54023,231.0
54035,234.0
54046,237.0
54057,240.0
54069,233.0
54080,227.0
54091,226.0
54104,236.0
54115,238.0
54126,239.0
54137,235.0
54149,236.0
54160,226.0
54172,236.0
54183,230.0
54195,231.0
54206,230.0
54217,230.0
54228,233.0
54241,237.0
54252,234.0
54263,227.0
54275,212.0
54286,208.0
54298,214.0
54309,214.0
54321,223.0
54332,226.0
54343,225.0
54354,223.0
54367,226.0
54378,227.0
54389,222.0
54401,220.0
54412,224.0
54423,218.0
54435,219.0
54447,219.0
54458,215.0
54469,214.0
54480,227.0
54492,236.0
54504,236.0
54515,230.0
54526,225.0
54538,224.0
54549,223.0
54560,247.0
54573,278.0
54584,313.0
54595,310.0
54606,342.0
54618,379.0
54630,391.0
54641,380.0
54652,392.0
54664,463.0
54675,435.0
54686,416.0
54699,375.0
54710,390.0
54721,362.0
54732,340.0
54744,353.0
54755,338.0
54767,341.0
54778,332.0
54790,311.0
54801,304.0
54812,298.0
54823,282.0
54836,281.0
54847,276.0
54858,267.0
54870,263.0
54881,272.0
54892,257.0
54904,248.0
54916,250.0
54927,241.0
54938,234.0
54949,229.0
54961,223.0
54973,225.0
54984,249.0
54995,240.0
55007,236.0
55018,238.0
55030,243.0
55042,244.0
55053,239.0
55064,236.0
55075,231.0
55087,227.0
55099,235.0
55110,240.0
55121,240.0
55133,234.0
55144,234.0
55155,243.0
55168,242.0
55179,232.0
55190,232.0
55201,231.0
55213,229.0
55224,235.0
55236,228.0
55247,217.0
55259,217.0
55270,214.0
55281,218.0
55292,218.0
55305,228.0
55316,228.0
55327,229.0
55339,228.0
55350,222.0
55362,219.0
55373,225.0
55385,239.0
55396,238.0
55407,235.0
55418,230.0
55431,221.0
55442,219.0
55453,221.0
55464,225.0
55476,225.0
55487,231.0
55499,230.0
55511,226.0
55522,223.0
55533,218.0
55544,219.0
55556,224.0
55568,233.0
55579,223.0
55590,228.0
55602,224.0
55613,221.0
55624,225.0
55636,215.0
55648,215.0
55659,212.0
55670,218.0
55682,221.0
55693,230.0
55705,231.0
55716,230.0
55728,239.0
55739,235.0
55750,233.0
55762,229.0
55774,237.0
55785,230.0
55796,227.0
55808,233.0
55819,227.0
55831,226.0
55842,233.0
55854,235.0
55865,235.0
55876,231.0
55887,225.0
55900,215.0
55911,215.0
55922,219.0
55933,219.0
55945,229.0
55956,233.0
55968,231.0
55980,228.0
55991,223.0
56002,222.0
56013,226.0
56025,221.0
56037,220.0
56048,218.0
56059,220.0
56071,226.0
56082,234.0
56093,225.0
56105,224.0
56117,225.0
56128,224.0
56139,218.0
56151,212.0
56163,207.0
56174,205.0
56185,206.0
56197,209.0
56208,208.0
56219,206.0
56231,206.0
56243,197.0
56254,198.0
56265,204.0
56276,208.0
56288,208.0
56300,209.0
56311,209.0
56323,207.0
56334,207.0
56345,207.0
56356,202.0
56369,206.0
56380,214.0
56391,217.0
56402,219.0
56414,221.0
56425,241.0
56437,238.0
56449,230.0
56460,266.0
56471,282.0
56482,274.0
56495,287.0
56506,324.0
56517,327.0
56528,338.0
56540,351.0
56551,326.0
56563,354.0
56574,324.0
56586,312.0
56597,298.0
56608,288.0
56620,274.0
56632,269.0
56643,277.0
56654,274.0
56666,273.0
56677,266.0
56688,265.0
56700,246.0
56712,256.0
56723,250.0
56734,239.0
56745,245.0
56757,247.0
56769,243.0
56780,243.0
56792,241.0
56803,235.0
56814,234.0
56826,227.0
56838,234.0
56849,232.0
56860,224.0
56871,219.0
56883,227.0
56895,212.0
56906,214.0
56918,213.0
56929,217.0
56940,211.0
56951,209.0
56964,205.0
56975,200.0
56986,204.0
56997,217.0
57009,221.0
57020,214.0
57032,215.0
57043,208.0
57055,210.0
57066,211.0
57077,205.0
57089,225.0
57101,217.0
57112,217.0
57123,215.0
57135,213.0
57146,210.0
57157,205.0
57169,207.0
57181,219.0
57192,214.0
57203,209.0
57214,201.0
57227,191.0
57238,201.0
57249,201.0
57261,199.0
57272,196.0
57283,195.0
57295,191.0
57307,201.0
57318,199.0
57329,194.0
57340,197.0
57352,202.0
57364,204.0
57375,210.0
57387,215.0
57398,217.0
57409,216.0
57420,225.0
57433,214.0
57444,218.0
57455,218.0
57466,224.0
57478,225.0
57489,236.0
57501,224.0
57512,210.0
57524,206.0
57535,207.0
57546,204.0
57559,203.0
57570,217.0
57581,213.0
57592,208.0
57604,216.0
57615,208.0
57627,208.0
57638,209.0
57650,208.0
57661,207.0
57672,196.0
57683,198.0
57696,204.0
57707,201.0
57718,203.0
57730,198.0
57741,199.0
57752,192.0
57764,187.0
57776,189.0
57787,195.0
57798,200.0
57809,203.0
57821,199.0
57833,197.0
57844,197.0
57856,197.0
57867,203.0
57878,207.0
57889,212.0
57902,209.0
57913,202.0
57924,204.0
57935,203.0
57947,197.0
57959,206.0
57970,198.0
57981,201.0
57993,202.0
58004,197.0
58015,192.0
58028,191.0
58039,194.0
58050,204.0
58061,199.0
58073,200.0
58084,207.0
58096,201.0
58107,195.0
58119,200.0
58130,201.0
58141,201.0
58152,206.0
58165,208.0
58176,212.0
58187,207.0
58199,203.0
58210,200.0
58221,199.0
58233,203.0
58245,213.0
58256,207.0
58267,207.0
58278,208.0
58291,205.0
58302,205.0
58313,219.0
58324,225.0
58336,244.0
58347,250.0
58359,264.0
58371,269.0
58382,272.0
58393,287.0
58404,310.0
58416,314.0
58428,343.0
58439,353.0
58450,370.0
58462,365.0
58473,380.0
58484,383.0
58497,369.0
58508,370.0
58519,355.0
58530,325.0
58542,313.0
58553,329.0
58565,335.0
58576,330.0
58588,332.0
58599,306.0
58610,280.0
58621,280.0
58634,282.0
58645,274.0
58656,283.0
58668,264.0
58679,248.0
58691,233.0
58702,233.0
58714,231.0
58725,226.0
58736,247.0
58747,231.0
58760,222.0
58771,212.0
58782,215.0
58793,209.0
58805,220.0
58816,221.0
58828,221.0
58840,229.0
58851,235.0
58862,228.0
58873,219.0
58885,212.0
58897,209.0
58908,205.0
58919,206.0
58931,209.0
58942,211.0
58953,205.0
58966,201.0
58977,192.0
58988,192.0
58999,192.0
59011,203.0
59023,196.0
59034,191.0
59045,185.0
59057,193.0
59068,198.0
59079,199.0
59091,206.0
59103,205.0
59114,201.0
59125,194.0
59137,190.0
59148,191.0
59160,197.0
59171,198.0
59183,199.0
59194,200.0
59205,205.0
59216,197.0
59229,192.0
59240,198.0
59251,197.0
59262,195.0
59274,196.0
59285,198.0
59297,198.0
59309,197.0
59320,201.0
59331,192.0
59342,193.0
59354,192.0
59366,191.0
59377,196.0
59388,199.0
59400,208.0
59411,211.0
59423,210.0
59435,204.0
59446,200.0
59457,200.0
59468,201.0
59480,205.0
59492,203.0
59503,199.0
59514,196.0
59526,195.0
59537,194.0
59548,198.0
59560,197.0
59572,199.0
59583,203.0
59594,203.0
59606,191.0
59617,188.0
59629,191.0
59640,196.0
59652,204.0
59663,203.0
59674,203.0
59685,199.0
59698,200.0
59709,200.0
59720,205.0
59731,210.0
59743,215.0
59755,215.0
59766,208.0
59778,212.0
59789,208.0
59800,205.0
59811,203.0
59824,199.0
59835,198.0
59846,197.0
59857,204.0
59869,205.0
59880,200.0
59892,199.0
59904,204.0
59915,207.0
59926,205.0
59937,210.0
59949,203.0
59961,201.0
59972,201.0
59983,199.0
59995,197.0
60006,204.0
60017,211.0
60029,207.0
60041,201.0
60052,200.0
60063,197.0
60075,199.0
60086,201.0
60098,203.0
60109,198.0
60121,195.0
60132,196.0
60143,194.0
60155,194.0
60167,201.0
60178,205.0
60189,206.0
60200,201.0
60212,198.0
60224,199.0
60235,198.0
60247,199.0
60258,198.0
60269,197.0
60280,203.0
60293,208.0
60304,224.0
60315,244.0
60326,269.0
60338,297.0
60349,315.0
60361,324.0
60372,352.0
60384,340.0
60395,374.0
60406,348.0
60418,338.0
60430,344.0
60441,356.0
60452,338.0
60464,336.0
60475,317.0
60487,324.0
60498,338.0
60510,358.0
60521,339.0
60532,333.0
60544,317.0
60556,309.0
60567,313.0
60578,332.0
60590,315.0
60601,286.0
60612,269.0
60624,257.0
60636,274.0
60647,264.0
60658,255.0
60669,255.0
60681,254.0
60693,256.0
60704,242.0
60716,241.0
60727,236.0
60738,231.0
60749,227.0
60762,220.0
60773,224.0
60784,233.0
60795,226.0
60807,215.0
60818,208.0
60830,206.0
60841,204.0
60853,205.0
60864,210.0
60875,211.0
60888,198.0
60899,205.0
60910,204.0
60921,200.0
60933,204.0
60944,203.0
60956,208.0
60967,205.0
60979,209.0
60990,206.0
61001,202.0
61012,201.0
61025,200.0
61036,198.0
61047,206.0
61059,212.0
61070,212.0
61081,212.0
61093,221.0
61105,215.0
61116,211.0
61127,216.0
61138,210.0
61150,210.0
6,
